{"Chicago": [41.8755616, -87.6244212], "Dallas": [32.7762719, -96.7968559], "Houston": [29.7589382, -95.3676974], "Los Angeles": [34.0536909, -118.242766], "New York": [40.7127281, -74.0060152], "Philadelphia": [39.9527237, -75.1635262], "Phoenix": [33.4484367, -112.074141], "San Antonio": [29.4246002, -98.4951405], "San Diego": [32.7174202, -117.162772], "San Jose": [37.3361663, -121.890591]}